{
  "host": "localhost",
  "port": 3030,
  "public": "../public/",
  "paginate": {
    "default": 10,
    "max": 50
  },
  "authentication": {
    "entity": "user",
    "service": "users",
    "secret": "uegbBoMjzCajZcsd4jP9FBLxDt8=",
    "authStrategies": [
      "jwt",
      "local"
    ],
    "jwtOptions": {
      "header": {
        "typ": "access"
      },
      "audience": "https://yourdomain.com",
      "issuer": "feathers",
      "algorithm": "HS256",
      "expiresIn": "1d"
    },
    "local": {
      "usernameField": "email",
      "passwordField": "password"
    }
  },
  "sqlite": "sqlite://restapi_feathers.sqlite"
}
